Workbook

Sheet Análisis Presupuesto 25134
A1: Código | B1: Descripción | C1: Pack/Caja | D1: Unid x Pack | E1: Cant Packs | F1: Precio Pack | G1: Total | H1: Categoría Menú | I1: Precio Unitario | J1: Cant Unidades Total
A2: 0368 | B2: Coca Cola Zero x 1,75 lt | C2: Pack x 8 unid | D2: 8 | E2: 4 | F2: 24600 | G2: 98400 | H2: Gaseosas | I2: =F2/D2 -> 3075 | J2: =E2*D2 -> 32
A3: 0300 | B3: Coca Cola Zero x 600 cc | C3: pack x 6 unid | D3: 6 | E3: 6 | F3: 7700 | G3: 46200.01 | H3: Gaseosas | I3: =F3/D3 -> 1283.3333 | J3: =E3*D3 -> 36
A4: 0322 | B4: Coca Cola x 1,75 lt | C4: Pack x 8 unid | D4: 8 | E4: 4 | F4: 24600 | G4: 98400 | H4: Gaseosas | I4: =F4/D4 -> 3075 | J4: =E4*D4 -> 32
A5: 0321 | B5: Coca Cola x 600 cc | C5: Pack x 6 unid | D5: 6 | E5: 6 | F5: 7700 | G5: 46200.01 | H5: Gaseosas | I5: =F5/D5 -> 1283.3333 | J5: =E5*D5 -> 36
A6: 0336 | B6: Fanta x 600 cc | C6: Pack x 6 unid | D6: 6 | E6: 4 | F6: 7700 | G6: 30800 | H6: Gaseosas | I6: =F6/D6 -> 1283.3333 | J6: =E6*D6 -> 24
A7: 0365 | B7: Sprite x 1,75 lt | C7: Pack x 8 unid | D7: 8 | E7: 4 | F7: 24600 | G7: 98400 | H7: Gaseosas | I7: =F7/D7 -> 3075 | J7: =E7*D7 -> 32
A8: 0335 | B8: Sprite x 600 cc | C8: Pack x 6 unid | D8: 6 | E8: 6 | F8: 7700 | G8: 46200 | H8: Gaseosas | I8: =F8/D8 -> 1283.3333 | J8: =E8*D8 -> 36
A9: 0443 | B9: Agua Villamanaos x 2 lt | C9: Pack x 6 unid | D9: 6 | E9: 4 | F9: 5000 | G9: 20000 | H9: Aguas saborizadas y Jugos | I9: =F9/D9 -> 833.33333 | J9: =E9*D9 -> 24
A10: 0462 | B10: Agua Villamanaos x 600 cc | C10: Pack x 12 unid | D10: 12 | E10: 6 | F10: 5500 | G10: 33000 | H10: Aguas saborizadas y Jugos | I10: =F10/D10 -> 458.33333 | J10: =E10*D10 -> 72
A11: 0729 | B11: Agua Villavicencio x 2 lt | C11: pack x 6 unid | D11: 6 | E11: 2 | F11: 9400 | G11: 18800.01 | H11: Aguas saborizadas y Jugos | I11: =F11/D11 -> 1566.6667 | J11: =E11*D11 -> 12
A12: 0388 | B12: Agua Villavicencio x 500 cc | C12: Pack x 12 unid | D12: 12 | E12: 4 | F12: 8600 | G12: 34400 | H12: Aguas saborizadas y Jugos | I12: =F12/D12 -> 716.66667 | J12: =E12*D12 -> 48
A13: 0398 | B13: Aquarius Manzana x 500 cc | C13: Pack x 6 unid | D13: 6 | E13: 4 | F13: 6600 | G13: 26400 | H13: Aguas saborizadas y Jugos | I13: =F13/D13 -> 1100 | J13: =E13*D13 -> 24
... A29: 0749 | B29: Heineken lata x 473 cc | C29: pack x 12 unid | D29: 12 | E29: 3 | F29: 28000 | G29: 84000 | H29: Bebidas con Alcohol | I29: =F29/D29 -> 2333.3333 | J29: =E29*D29 -> 36
A30: TOTALES | E30: =SUM(E2:E29) -> 113 | G30: =SUM(G2:G29) -> 1272100 | J30: =SUM(J2:J29) -> 930

Sheet Resumen x Categoría
A1: Categoría | B1: Cant Items | C1: Total $ | D1: % del Total | E1: Unidades Totales
A2: Gaseosas | B2: =COUNTIF('Análisis Presupuesto 25134'!H:H,A2) -> 7 | C2: =SUMIF('Análisis Presupuesto 25134'!H:H,A2,'Análisis Presupuesto 25134'!G:G) -> 464600.02 | D2: =IF(C$5=0,0,C2/C$5) -> 0.36522287 | E2: =SUMIF('Análisis Presupuesto 25134'!H:H,A2,'Análisis Presupuesto 25134'!J:J) -> 228
A3: Aguas saborizadas y Jugos | B3: =COUNTIF('Análisis Presupuesto 25134'!H:H,A3) -> 16 | C3: =SUMIF('Análisis Presupuesto 25134'!H:H,A3,'Análisis Presupuesto 25134'!G:G) -> 400899.97 | D3: =IF(C$5=0,0,C3/C$5) -> 0.31514815 | E3: =SUMIF('Análisis Presupuesto 25134'!H:H,A3,'Análisis Presupuesto 25134'!J:J) -> 510
A4: Bebidas con Alcohol | B4: =COUNTIF('Análisis Presupuesto 25134'!H:H,A4) -> 5 | C4: =SUMIF('Análisis Presupuesto 25134'!H:H,A4,'Análisis Presupuesto 25134'!G:G) -> 406600.02 | D4: =IF(C$5=0,0,C4/C$5) -> 0.31962897 | E4: =SUMIF('Análisis Presupuesto 25134'!H:H,A4,'Análisis Presupuesto 25134'!J:J) -> 192
A5: TOTAL | B5: =SUM(B2:B4) -> 28 | C5: =SUM(C2:C4) -> 1272100 | D5: =SUM(D2:D4) -> 1 | E5: =SUM(E2:E4) -> 930
